issue_group,BEFORE,AFTER,ELECTION,╬ö BEFOREÔćĺAFTER,╬ö BEFOREÔćĺELEC
Contested,1.9753086419753085,0.6006006006006006,3.591160220994475,-1.4,1.6
FrP-owned,21.975308641975307,17.417417417417415,13.259668508287293,-4.6,-8.7
Labour-owned,45.67901234567901,40.84084084084084,45.58011049723757,-4.8,-0.1
Left-niche,16.296296296296298,19.81981981981982,24.30939226519337,3.5,8.0
Other,14.074074074074074,21.32132132132132,13.259668508287293,7.2,-0.8
