issue_group,BEFORE,AFTER,ELECTION,╬ö BEFOREÔćĺAFTER,╬ö BEFOREÔćĺELEC
Contested,2.0161290322580645,0.0,4.700854700854701,-2.0,2.7
FrP-owned,21.370967741935484,14.814814814814813,11.965811965811966,-6.6,-9.4
Labour-owned,40.32258064516129,34.25925925925926,41.452991452991455,-6.1,1.1
Left-niche,20.967741935483872,23.61111111111111,27.77777777777778,2.6,6.8
Other,15.32258064516129,27.314814814814813,14.102564102564102,12.0,-1.2
